Rank,Player,Team,Pos.,PPR,STD,PassYds,PassTD,Rec,RecYds,RecTD,RushAtt,RushYds,RushTD
1,A.J. Brown,PHI,WR,12.4,8.4,0,0.0,4,60,0.4,0,0,0.0
2,AJ Barner,SEA,TE,9.5,6.5,0,0.0,3,28,0.5,0,1,0.1
3,AJ Dillon,PHI,RB,1.2,1.2,0,0.0,0,3,0.0,2,9,0.0
4,Aaron Jones,MIN,RB,8.2,7.2,0,0.0,1,15,0.3,6,39,0.0
5,Aaron Rodgers,PIT,QB,21.3,21.3,264,2.6,0,0,0.0,2,3,0.0
6,Adam Prentice,DEN,FB,0.1,0.1,0,0.0,0,0,0.0,0,1,0.0
7,Adam Thielen,MIN,WR,1.5,0.5,0,0.0,1,5,0.0,0,0,0.0
8,Adam Trautman,DEN,TE,2.4,1.4,0,0.0,1,8,0.1,0,0,0.0
9,Adonai Mitchell,IND,WR,2.8,1.8,0,0.0,1,18,0.0,0,0,0.0
10,Adrian Martinez,SFO,QB,-0.1,-0.1,0,0.0,0,0,0.0,1,0,0.0
11,Albert Okwuegbunam,LVR,TE,8.6,3.6,0,0.0,5,36,0.0,0,0,0.0
12,Alec Ingold,MIA,FB,1.4,0.4,0,0.0,1,4,0.0,0,0,0.0
13,Alec Pierce,IND,WR,9.8,6.8,0,0.0,3,68,0.0,0,0,0.0
14,Alex Bachman,LVR,WR,0.1,0.1,0,0.0,0,1,0.0,0,0,0.0
15,Allen Lazard,NYJ,WR,2.2,1.2,0,0.0,1,6,0.1,0,0,0.0
16,Alvin Kamara,NOR,RB,10.7,7.7,0,0.0,3,14,0.0,14,57,0.1
17,Amar Johnson,LAC,RB,0.0,0.0,0,0.0,0,0,0.0,0,0,0.0
18,Ameer Abdullah,IND,RB,3.4,2.4,0,0.0,1,4,0.0,2,8,0.2
19,Amon-Ra St. Brown,DET,WR,19.3,12.3,0,0.0,7,74,0.8,0,1,0.0
20,Andrei Iosivas,CIN,WR,0.0,0.0,0,0.0,0,0,0.0,0,0,0.0
21,Andrew Beck,NYJ,FB,0.1,0.1,0,0.0,0,1,0.0,0,0,0.0
22,Andrew Ogletree,IND,TE,0.0,0.0,0,0.0,0,0,0.0,0,0,0.0
23,Andy Dalton,CAR,QB,4.0,4.0,71,0.3,0,0,0.0,1,0,0.0
24,Anthony Gould,IND,WR,0.0,0.0,0,0.0,0,0,0.0,0,0,0.0
25,Anthony Richardson,IND,QB,0.6,0.6,4,0.0,0,4,0.0,2,0,0.0
26,Antonio Gibson,NWE,RB,0.0,0.0,0,0.0,0,0,0.0,0,0,0.0
27,Arian Smith,NYJ,WR,1.3,0.3,0,0.0,1,4,0.0,0,0,0.0
28,Ashton Dulin,IND,WR,1.0,1.0,0,0.0,0,7,0.0,0,3,0.0
29,Ashton Jeanty,LVR,RB,19.3,16.3,0,0.0,3,17,0.5,17,80,0.6
30,Austin Ekeler,WAS,RB,0.0,0.0,0,0.0,0,0,0.0,0,0,0.0
31,Austin Hooper,NWE,TE,3.5,2.5,0,0.0,1,19,0.1,0,0,0.0
32,Austin Trammell,JAX,WR,0.0,0.0,0,0.0,0,0,0.0,0,0,0.0
33,Avery Williams,NYJ,WR,0.0,0.0,0,0.0,0,0,0.0,0,0,0.0
34,Baker Mayfield,TAM,QB,21.2,21.2,278,2.0,0,0,0.0,3,21,0.0
35,Beaux Collins,NYG,WR,0.0,0.0,0,0.0,0,0,0.0,0,0,0.0
36,Ben Sims,GNB,TE,0.0,0.0,0,0.0,0,0,0.0,0,0,0.0
37,Ben Sinnott,WAS,TE,0.3,0.3,0,0.0,0,3,0.0,0,0,0.0
38,Ben Skowronek,PIT,WR,1.8,1.8,0,0.0,0,6,0.2,0,0,0.0
39,Ben VanSumeren,PHI,FB,0.0,0.0,0,0.0,0,0,0.0,0,0,0.0
40,Ben Yurosek,MIN,TE,0.1,0.1,0,0.0,0,1,0.0,0,0,0.0
41,Bhayshul Tuten,JAX,RB,4.7,3.7,0,0.0,1,7,0.1,5,18,0.1
42,Bijan Robinson,ATL,RB,27.0,21.0,0,0.0,6,71,0.3,15,85,0.6
43,Blake Corum,LAR,RB,4.7,3.7,0,0.0,1,2,0.0,8,29,0.1
44,Blake Whiteheart,CLE,TE,0.0,0.0,0,0.0,0,0,0.0,0,0,0.0
45,Bo Nix,DEN,QB,17.1,17.1,193,1.6,0,0,0.0,4,18,0.2
46,Brady Russell,SEA,FB,0.0,0.0,0,0.0,0,0,0.0,0,0,0.0
47,Braelon Allen,NYJ,RB,0.0,0.0,0,0.0,0,0,0.0,0,0,0.0
48,Brandin Cooks,NOR,WR,3.6,1.6,0,0.0,2,16,0.0,0,0,0.0
49,Brandon Smith,NYJ,WR,0.0,0.0,0,0.0,0,0,0.0,0,0,0.0
50,Brashard Smith,KAN,RB,0.0,0.0,0,0.0,0,0,0.0,0,0,0.0
51,Braxton Berrios,HOU,WR,3.2,1.2,0,0.0,2,12,0.0,0,0,0.0
52,Brayden Willis,SFO,TE,0.0,0.0,0,0.0,0,0,0.0,0,0,0.0
53,Breece Hall,NYJ,RB,11.6,8.6,0,0.0,3,16,0.0,13,58,0.2
54,Brenden Bates,HOU,TE,1.7,0.7,0,0.0,1,7,0.0,0,0,0.0
55,Brenton Strange,JAX,TE,0.0,0.0,0,0.0,0,0,0.0,0,0,0.0
56,Brett Rypien,CIN,QB,0.0,0.0,0,0.0,0,0,0.0,0,0,0.0
57,Brevyn Spann-Ford,DAL,TE,0.0,0.0,0,0.0,0,0,0.0,0,0,0.0
58,Brian Robinson Jr.,SFO,RB,3.7,2.7,0,0.0,1,1,0.0,5,20,0.1
59,Brian Thomas,JAX,WR,10.4,6.4,0,0.0,4,50,0.1,0,2,0.1
60,British Brooks,HOU,RB,0.3,0.3,0,0.0,0,0,0.0,1,3,0.0
61,Brittain Brown,CHI,RB,11.0,11.0,0,0.0,0,0,0.0,6,38,1.2
62,Brock Bowers,LVR,TE,18.4,11.4,0,0.0,7,71,0.7,0,1,0.0
63,Brock Purdy,SFO,QB,25.2,25.2,315,2.8,0,0,0.0,3,14,0.0
64,Brock Wright,DET,TE,3.0,2.0,0,0.0,1,8,0.2,0,0,0.0
65,Bryce Oliver,TEN,WR,0.0,0.0,0,0.0,0,0,0.0,0,0,0.0
66,Bryce Young,CAR,QB,11.2,11.2,169,0.9,0,0,0.0,2,8,0.0
67,Brycen Tremayne,CAR,WR,2.3,1.3,0,0.0,1,13,0.0,0,0,0.0
68,Bucky Irving,TAM,RB,0.0,0.0,0,0.0,0,0,0.0,0,0,0.0
69,C.J. Ham,MIN,FB,0.2,0.2,0,0.0,0,2,0.0,0,0,0.0
70,C.J. Stroud,HOU,QB,0.0,0.0,0,0.0,0,0,0.0,0,0,0.0
71,Cade Otton,TAM,TE,6.9,3.9,0,0.0,3,39,0.0,0,0,0.0
72,Cade Stover,HOU,TE,0.0,0.0,0,0.0,0,0,0.0,0,0,0.0
73,Caleb Williams,CHI,QB,20.3,20.3,240,1.4,0,3,0.1,6,24,0.3
74,Calvin Austin III,PIT,WR,11.1,7.1,0,0.0,4,47,0.4,0,0,0.0
75,Calvin Ridley,TEN,WR,0.0,0.0,0,0.0,0,0,0.0,0,0,0.0
76,Cam Akers,MIN,RB,2.7,2.7,9,0.4,0,0,0.0,2,7,0.0
77,Cam Grandy,CIN,TE,0.0,0.0,0,0.0,0,0,0.0,0,0,0.0
78,Cam Skattebo,NYG,RB,0.0,0.0,0,0.0,0,0,0.0,0,0,0.0
79,Cam Ward,TEN,QB,0.0,0.0,0,0.0,0,0,0.0,0,0,0.0
80,Cameron Latu,PHI,TE,0.0,0.0,0,0.0,0,0,0.0,0,0,0.0
81,Carlos Washington,ATL,RB,0.0,0.0,0,0.0,0,0,0.0,0,0,0.0
82,Carson Wentz,MIN,QB,0.0,0.0,0,0.0,0,0,0.0,0,0,0.0
83,Carter Runyon,LVR,TE,0.0,0.0,0,0.0,0,0,0.0,0,0,0.0
84,Casey Washington,ATL,WR,3.3,2.3,0,0.0,1,23,0.0,0,0,0.0
85,Cedric Tillman,CLE,WR,0.0,0.0,0,0.0,0,0,0.0,0,0,0.0
86,Cedrick Wilson Jr.,MIA,WR,1.4,0.4,0,0.0,1,4,0.0,0,0,0.0
87,CeeDee Lamb,DAL,WR,0.0,0.0,0,0.0,0,0,0.0,0,0,0.0
88,Charlie Jones,CIN,WR,0.0,0.0,0,0.0,0,0,0.0,0,0,0.0
89,Charlie Kolar,BAL,TE,2.9,1.9,0,0.0,1,7,0.2,0,0,0.0
90,Charlie Woerner,ATL,TE,-0.1,-0.1,0,0.0,0,0,0.0,0,0,0.0
91,Chase Brown,CIN,RB,0.0,0.0,0,0.0,0,0,0.0,0,0,0.0
92,Chigoziem Okonkwo,TEN,TE,0.0,0.0,0,0.0,0,0,0.0,0,0,0.0
93,Chimere Dike,TEN,WR,0.0,0.0,0,0.0,0,0,0.0,0,0,0.0
94,Chris Brooks,GNB,RB,1.6,0.6,0,0.0,1,6,0.0,0,0,0.0
95,Chris Godwin,TAM,WR,5.9,2.9,0,0.0,3,29,0.0,0,0,0.0
96,Chris Manhertz,NYG,TE,0.1,0.1,0,0.0,0,1,0.0,0,0,0.0
97,Chris Moore,WAS,WR,4.3,3.3,0,0.0,1,20,0.2,0,1,0.0
98,Chris Olave,NOR,WR,13.1,7.1,0,0.0,6,53,0.3,0,0,0.0
99,Chris Rodriguez,WAS,RB,5.1,5.1,0,0.0,0,0,0.0,6,27,0.4
100,Christian Kirk,HOU,WR,6.2,3.2,0,0.0,3,32,0.0,0,0,0.0
101,Christian McCaffrey,SFO,RB,26.0,19.0,0,0.0,7,75,0.7,18,61,0.2
102,Christian Watson,GNB,WR,9.5,6.5,0,0.0,3,65,0.0,0,0,0.0
103,Chuba Hubbard,CAR,RB,8.5,6.5,0,0.0,2,17,0.2,12,36,0.0
104,Clyde Edwards-Helaire,KAN,RB,0.0,0.0,0,0.0,0,0,0.0,0,0,0.0
105,Cody Schrader,LAR,RB,0.0,0.0,0,0.0,0,0,0.0,0,0,0.0
106,Cody White,SEA,WR,6.9,5.9,0,0.0,1,29,0.5,0,0,0.0
107,Colby Parkinson,LAR,TE,3.4,1.4,0,0.0,2,14,0.0,0,0,0.0
108,Cole Kmet,CHI,TE,3.6,2.6,0,0.0,1,20,0.1,0,0,0.0
109,Colson Yankoff,WAS,TE,0.0,0.0,0,0.0,0,0,0.0,0,0,0.0
110,Colston Loveland,CHI,TE,7.2,5.2,0,0.0,2,34,0.3,0,0,0.0
111,Connor Heyward,PIT,TE,1.6,1.6,0,0.0,0,3,0.2,0,1,0.0
112,Cooper Kupp,SEA,WR,7.5,4.5,0,0.0,3,39,0.1,0,0,0.0
113,Cooper Rush,BAL,QB,2.5,2.5,65,0.0,0,0,0.0,1,0,0.0
114,Courtland Sutton,DEN,WR,12.0,8.0,0,0.0,4,56,0.4,0,0,0.0
115,Craig Reynolds,DET,RB,0.1,0.1,0,0.0,0,0,0.0,1,1,0.0
116,Curtis Samuel,BUF,WR,3.8,2.8,0,0.0,1,10,0.3,0,0,0.0
117,D'Andre Swift,CHI,RB,17.4,15.4,0,0.0,2,28,0.1,16,72,0.8
118,D'Ernest Johnson,ARI,RB,0.0,0.0,0,0.0,0,0,0.0,1,0,0.0
119,D'Wayne Eskridge,MIA,WR,0.7,0.7,0,0.0,0,7,0.0,0,0,0.0
120,D.J. Moore,CHI,WR,12.0,8.0,0,0.1,4,51,0.1,2,7,0.2
121,D.K. Metcalf,PIT,WR,15.5,11.5,0,0.0,4,73,0.7,0,0,0.0
122,DJ Giddens,IND,RB,0.9,0.9,0,0.0,0,0,0.0,3,9,0.0
123,Dak Prescott,DAL,QB,0.0,0.0,0,0.0,0,0,0.0,0,0,0.0
124,Dalevon Campbell,CAR,WR,0.0,0.0,0,0.0,0,0,0.0,0,0,0.0
125,Dallas Goedert,PHI,TE,14.3,10.3,0,0.0,4,43,1.0,0,0,0.0
126,Dalton Kincaid,BUF,TE,13.3,9.3,0,0.0,4,57,0.6,0,0,0.0
127,Dalton Schultz,HOU,TE,9.5,4.5,0,0.0,5,45,0.0,0,0,0.0
128,Dameon Pierce,HOU,RB,0.9,0.9,0,0.0,0,0,0.0,3,9,0.0
129,Daniel Bellinger,NYG,TE,4.1,3.1,0,0.0,1,25,0.1,0,0,0.0
130,Daniel Jones,IND,QB,18.8,18.8,255,1.0,0,0,0.0,4,10,0.6
131,Dare Ogunbowale,HOU,RB,0.5,0.5,0,0.0,0,3,0.0,0,2,0.0
132,Dareke Young,SEA,WR,0.0,0.0,0,0.0,0,0,0.0,0,0,0.0
133,Darius Cooper,PHI,WR,0.0,0.0,0,0.0,0,0,0.0,0,0,0.0
134,Darius Slayton,NYG,WR,5.6,3.6,0,0.0,2,36,0.0,0,0,0.0
135,Darnell Mooney,ATL,WR,5.6,3.6,0,0.0,2,36,0.0,0,0,0.0
136,Darnell Washington,PIT,TE,4.6,2.6,0,0.0,2,20,0.1,0,0,0.0
137,Darren Waller,MIA,TE,0.0,0.0,0,0.0,0,0,0.0,0,0,0.0
138,Davante Adams,LAR,WR,18.4,13.4,0,0.0,5,74,1.0,0,0,0.0
139,David Martin-Robinson,TEN,TE,0.0,0.0,0,0.0,0,0,0.0,0,0,0.0
140,David Montgomery,DET,RB,13.7,12.7,0,0.1,1,13,0.0,12,62,0.8
141,David Moore,CAR,WR,0.0,0.0,0,0.0,0,0,0.0,0,0,0.0
142,David Njoku,CLE,TE,6.3,3.3,0,0.0,3,27,0.1,0,0,0.0
143,David Sills,ATL,WR,0.4,0.4,0,0.0,0,4,0.0,0,0,0.0
144,David Sills V,ATL,WR,0.3,0.3,0,0.0,0,3,0.0,0,0,0.0
145,Davis Allen,LAR,TE,5.3,3.3,0,0.0,2,15,0.3,0,0,0.0
146,Davis Mills,HOU,QB,3.5,3.5,76,0.0,0,0,0.0,3,5,0.0
147,Dawson Knox,BUF,TE,3.0,2.0,0,0.0,1,14,0.1,0,0,0.0
148,De'Von Achane,MIA,RB,20.3,16.3,0,0.0,4,29,0.4,16,92,0.3
149,DeAndre Carter,CLE,WR,0.0,0.0,0,0.0,0,0,0.0,0,0,0.0
150,DeAndre Hopkins,BAL,WR,4.3,3.3,0,0.0,1,21,0.2,0,0,0.0
151,DeVonta Smith,PHI,WR,14.1,9.1,0,0.0,5,79,0.2,0,0,0.0
152,DeeJay Dallas,CAR,RB,0.0,0.0,0,0.0,0,0,0.0,0,0,0.0
153,Deebo Samuel,WAS,WR,14.4,9.4,0,0.0,5,46,0.5,1,6,0.2
154,Demarcus Robinson,SFO,WR,2.9,1.9,0,0.0,1,19,0.0,0,0,0.0
155,Demario Douglas,NWE,WR,6.7,4.7,0,0.0,2,28,0.3,0,1,0.0
156,Derius Davis,LAC,WR,0.1,0.1,0,0.0,0,0,0.0,0,1,0.0
157,Derrick Henry,BAL,RB,11.9,10.9,0,0.0,1,5,0.0,13,68,0.6
158,Devaughn Vele,NOR,WR,2.0,1.0,0,0.0,1,4,0.1,0,0,0.0
159,Deven Thompkins,ATL,WR,0.0,0.0,0,0.0,0,0,0.0,0,0,0.0
160,Devin Culp,TAM,TE,0.0,0.0,0,0.0,0,0,0.0,0,0,0.0
161,Devin Duvernay,CHI,WR,0.0,0.0,0,0.0,0,0,0.0,0,0,0.0
162,Devin Neal,NOR,RB,1.8,0.8,0,0.0,1,2,0.0,2,6,0.0
163,Devin Singletary,NYG,RB,2.1,2.1,0,0.0,0,4,0.0,4,17,0.0
164,Devontez Walker,BAL,WR,4.5,3.5,0,0.0,1,11,0.4,0,0,0.0
165,Dillon Gabriel,CLE,QB,5.5,5.5,82,0.4,0,0,0.0,1,6,0.0
166,Dominic Lovett,DET,WR,0.0,0.0,0,0.0,0,0,0.0,0,0,0.0
167,Dont'e Thornton,LVR,WR,2.4,1.4,0,0.0,1,14,0.0,0,0,0.0
168,Dontayvion Wicks,GNB,WR,4.0,2.0,0,0.0,2,20,0.0,0,0,0.0
169,Drake London,ATL,WR,23.0,15.0,0,0.0,8,102,0.8,0,0,0.0
170,Drake Maye,NWE,QB,20.9,20.9,251,1.8,0,0,0.0,6,25,0.2
171,Drew Lock,SEA,QB,0.3,0.3,7,0.0,0,0,0.0,0,0,0.0
172,Drew Sample,CIN,TE,0.0,0.0,0,0.0,0,0,0.0,0,0,0.0
173,Durham Smythe,CHI,TE,0.0,0.0,0,0.0,0,0,0.0,0,0,0.0
174,Dyami Brown,JAX,WR,6.9,3.9,0,0.0,3,30,0.1,1,3,0.0
175,Dylan Drummond,ATL,WR,0.0,0.0,0,0.0,0,0,0.0,0,0,0.0
176,Dylan Laube,LVR,RB,0.3,0.3,0,0.0,0,2,0.0,1,1,0.0
177,Dylan Sampson,CLE,RB,4.6,2.6,0,0.0,2,12,0.1,4,8,0.0
178,E.J. Jenkins,PHI,TE,0.0,0.0,0,0.0,0,0,0.0,0,0,0.0
179,Efton Chism,NWE,WR,0.0,0.0,0,0.0,0,0,0.0,0,0,0.0
180,Elic Ayomanor,TEN,WR,0.0,0.0,0,0.0,0,0,0.0,0,0,0.0
181,Elijah Arroyo,SEA,TE,4.6,2.6,0,0.0,2,20,0.1,0,0,0.0
182,Elijah Higgins,ARI,TE,2.8,1.8,0,0.0,1,18,0.0,0,0,0.0
183,Elijah Moore,BUF,WR,3.4,2.4,0,0.0,1,15,0.0,1,3,0.1
184,Emanuel Wilson,GNB,RB,3.7,2.7,0,0.0,1,6,0.0,5,21,0.0
185,Emari Demercado,ARI,RB,3.6,3.6,0,0.0,0,2,0.2,3,22,0.0
186,Emeka Egbuka,TAM,WR,17.1,13.1,0,0.0,4,82,0.8,0,1,0.0
187,Eric Saubert,SEA,TE,0.0,0.0,0,0.0,0,0,0.0,0,0,0.0
188,Evan Engram,DEN,TE,6.1,3.1,0,0.0,3,24,0.1,0,1,0.0
189,Feleipe Franks,ATL,TE,0.0,0.0,0,0.0,0,0,0.0,0,0,0.0
190,Foster Moreau,NOR,TE,0.2,0.2,0,0.0,0,2,0.0,0,0,0.0
191,Gage Larvadain,CLE,WR,0.5,0.5,0,0.0,0,4,0.0,0,1,0.0
192,Gardner Minshew II,KAN,QB,0.0,0.0,0,0.0,0,0,0.0,0,0,0.0
193,Garrett Wilson,NYJ,WR,12.6,6.6,0,0.0,6,48,0.3,0,0,0.0
194,Geno Smith,LVR,QB,17.2,17.2,217,1.8,0,0,0.0,4,13,0.0
195,George Holani,SEA,RB,0.6,0.6,0,0.0,0,2,0.0,1,4,0.0
196,George Kittle,SFO,TE,10.5,7.5,0,0.0,3,28,0.8,0,0,0.0
197,George Pickens,DAL,WR,0.0,0.0,0,0.0,0,0,0.0,0,0,0.0
198,Grant Calcaterra,PHI,TE,1.7,0.7,0,0.0,1,7,0.0,0,0,0.0
199,Greg Dortch,ARI,WR,3.8,1.8,0,0.0,2,10,0.1,0,2,0.0
200,Greg Dulcich,MIA,TE,4.4,2.4,0,0.0,2,24,0.0,0,0,0.0
201,Gunnar Helm,TEN,TE,0.0,0.0,0,0.0,0,0,0.0,0,0,0.0
202,Gunner Olszewski,NYG,WR,0.9,0.9,0,0.0,0,3,0.1,0,0,0.0
203,Harold Fannin,CLE,TE,7.9,3.9,0,0.0,4,32,0.1,0,1,0.0
204,Harrison Bryant,HOU,TE,0.1,0.1,0,0.0,0,1,0.0,0,0,0.0
205,Hassan Haskins,LAC,RB,0.0,0.0,0,0.0,0,0,0.0,0,0,0.0
206,Hayden Rucci,MIA,TE,0.0,0.0,0,0.0,0,0,0.0,0,0,0.0
207,Hunter Henry,NWE,TE,10.1,7.1,0,0.0,3,41,0.5,0,0,0.0
208,Hunter Long,JAX,TE,0.0,0.0,0,0.0,0,0,0.0,0,0,0.0
209,Hunter Luepke,DAL,RB,0.0,0.0,0,0.0,0,0,0.0,0,0,0.0
210,Hunter Renfrow,CAR,WR,5.6,2.6,0,0.0,3,14,0.2,0,0,0.0
211,Ian Thomas,LVR,TE,1.4,0.4,0,0.0,1,4,0.0,0,0,0.0
212,Isaac Guerendo,SFO,RB,0.0,0.0,0,0.0,0,0,0.0,0,0,0.0
213,Isaac TeSlaa,DET,WR,1.8,1.8,0,0.0,0,6,0.2,0,0,0.0
214,Isaiah Bond,CLE,WR,0.0,0.0,0,0.0,0,0,0.0,0,0,0.0
215,Isaiah Davis,NYJ,RB,4.2,2.2,0,0.0,2,11,0.0,2,11,0.0
216,Isaiah Likely,BAL,TE,2.5,1.5,0,0.0,1,15,0.0,0,0,0.0
217,Isaiah Williams,NYJ,WR,0.7,0.7,0,0.0,0,4,0.0,0,3,0.0
218,Isiah Pacheco,KAN,RB,0.0,0.0,0,0.0,0,0,0.0,0,0,0.0
219,J.J. McCarthy,MIN,QB,17.0,17.0,113,1.5,0,0,0.0,5,23,0.7
220,J.K. Dobbins,DEN,RB,8.6,7.6,0,0.0,1,3,0.0,13,61,0.2
221,Ja'Corey Brooks,WAS,WR,0.0,0.0,0,0.0,0,0,0.0,0,0,0.0
222,Ja'Marr Chase,CIN,WR,0.0,0.0,0,0.0,0,0,0.0,0,0,0.0
223,Ja'Tavion Sanders,CAR,TE,4.9,1.9,0,0.0,3,19,0.0,0,0,0.0
224,Jacardia Wright,SEA,RB,1.8,1.8,0,0.0,0,0,0.0,5,18,0.0
225,Jack Bech,LVR,WR,1.9,0.9,0,0.0,1,9,0.0,0,0,0.0
226,Jack Stoll,NOR,TE,0.9,0.9,0,0.0,0,3,0.1,0,0,0.0
227,Jack Westover,NWE,FB,0.0,0.0,0,0.0,0,0,0.0,0,0,0.0
228,Jackson Hawes,BUF,TE,2.7,1.7,0,0.0,1,11,0.1,0,0,0.0
229,Jackson Meeks,DET,WR,0.0,0.0,0,0.0,0,0,0.0,0,0,0.0
230,Jacob Saylors,DET,RB,0.0,0.0,0,0.0,0,0,0.0,0,0,0.0
231,Jacoby Brissett,ARI,QB,14.9,14.9,181,1.4,0,0,0.0,3,9,0.2
232,Jacory Croskey-Merritt,WAS,RB,9.1,8.1,0,0.0,1,7,0.0,11,50,0.4
233,Jahan Dotson,PHI,WR,3.6,2.6,0,0.0,1,20,0.1,0,0,0.0
234,Jahdae Walker,CHI,WR,0.0,0.0,0,0.0,0,0,0.0,0,0,0.0
235,Jahmyr Gibbs,DET,RB,20.8,17.8,0,0.0,3,24,0.1,16,88,1.0
236,Jake Bobo,SEA,WR,0.0,0.0,0,0.0,0,0,0.0,0,0,0.0
237,Jake Browning,CIN,QB,0.0,0.0,0,0.0,0,0,0.0,0,0,0.0
238,Jake Ferguson,DAL,TE,0.0,0.0,0,0.0,0,0,0.0,0,0,0.0
239,Jake Tonges,SFO,TE,9.9,6.9,0,0.0,3,27,0.7,0,0,0.0
240,Jakob Johnson,HOU,FB,0.0,0.0,0,0.0,0,0,0.0,0,0,0.0
241,Jakobi Meyers,LVR,WR,10.0,5.0,0,0.0,5,50,0.0,0,0,0.0
242,Jaleel McLaughlin,DEN,RB,0.0,0.0,0,0.0,0,0,0.0,0,0,0.0
243,Jalen Brooks,DAL,WR,0.0,0.0,0,0.0,0,0,0.0,0,0,0.0
244,Jalen Coker,CAR,WR,3.4,1.4,0,0.0,2,14,0.0,0,0,0.0
245,Jalen Hurts,PHI,QB,23.3,23.3,223,1.8,0,0,0.0,7,24,0.8
246,Jalen Milroe,SEA,QB,0.1,0.1,0,0.0,0,0,0.0,1,1,0.0
247,Jalen Moreno-Cropper,DAL,WR,0.0,0.0,0,0.0,0,0,0.0,0,0,0.0
248,Jalen Nailor,MIN,WR,3.7,2.7,0,0.0,1,19,0.1,0,2,0.0
249,Jalen Royals,KAN,WR,0.0,0.0,0,0.0,0,0,0.0,0,0,0.0
250,Jalen Tolbert,DAL,WR,0.0,0.0,0,0.0,0,0,0.0,0,0,0.0
251,Jalin Hyatt,NYG,WR,0.3,0.3,0,0.0,0,3,0.0,0,0,0.0
252,Jamal Agnew,ATL,WR,0.0,0.0,0,0.0,0,0,0.0,0,0,0.0
253,Jamari Thrash,CLE,WR,2.0,1.0,0,0.0,1,10,0.0,0,0,0.0
254,James Conner,ARI,RB,0.0,0.0,0,0.0,0,0,0.0,0,0,0.0
255,James Cook,BUF,RB,17.5,15.5,0,0.0,2,12,0.0,18,101,0.7
256,James Mitchell,CAR,TE,1.9,0.9,0,0.0,1,9,0.0,0,0,0.0
257,James Proche,TEN,WR,0.0,0.0,0,0.0,0,0,0.0,0,0,0.0
258,Jameson Williams,DET,WR,8.0,6.0,0,0.0,2,42,0.3,0,0,0.0
259,Jared Goff,DET,QB,17.4,17.4,226,2.0,0,0,0.0,2,4,0.0
260,Jared Wayne,HOU,WR,3.9,1.9,0,0.0,2,19,0.0,0,0,0.0
261,Jaret Patterson,LAC,RB,3.0,3.0,0,0.0,0,0,0.0,9,30,0.0
262,Jarquez Hunter,LAR,RB,0.0,0.0,0,0.0,0,0,0.0,0,0,0.0
263,Jarrett Stidham,DEN,QB,-0.1,-0.1,0,0.0,0,0,0.0,1,0,0.0
264,Jason Brownlee,KAN,WR,0.0,0.0,0,0.0,0,0,0.0,0,0,0.0
265,Jauan Jennings,SFO,WR,9.3,6.3,0,0.0,3,39,0.4,0,0,0.0
266,Javonte Williams,DAL,RB,0.0,0.0,0,0.0,0,0,0.0,0,0,0.0
267,Jaxon Smith-Njigba,SEA,WR,20.8,13.8,0,0.0,7,112,0.4,0,2,0.0
268,Jaxson Dart,NYG,QB,18.6,18.6,148,1.2,0,0,0.0,7,37,0.7
269,Jayden Daniels,WAS,QB,0.0,0.0,0,0.0,0,0,0.0,0,0,0.0
270,Jayden Higgins,HOU,WR,5.1,3.1,0,0.0,2,19,0.2,0,0,0.0
271,Jayden Reed,GNB,WR,0.0,0.0,0,0.0,0,0,0.0,0,0,0.0
272,Jaydon Blue,DAL,RB,0.0,0.0,0,0.0,0,0,0.0,0,0,0.0
273,Jaylen Waddle,MIA,WR,12.8,8.8,1,0.0,4,64,0.4,0,0,0.0
274,Jaylen Warren,PIT,RB,15.7,11.7,0,0.0,4,35,0.2,15,70,0.0
275,Jaylen Wright,MIA,RB,1.8,1.8,0,0.0,0,0,0.0,5,18,0.0
276,Jaylin Lane,WAS,WR,4.0,2.0,0,0.0,2,19,0.0,0,1,0.0
277,Jaylin Noel,HOU,WR,4.6,2.6,0,0.0,2,19,0.1,0,1,0.0
278,Jeff Wilson,MIA,RB,0.0,0.0,0,0.0,0,0,0.0,0,0,0.0
279,Jelani Woods,NYJ,TE,0.0,0.0,0,0.0,0,0,0.0,0,0,0.0
280,Jeremy McNichols,WAS,RB,4.7,3.7,0,0.0,1,14,0.0,2,17,0.1
281,Jeremy Ruckert,NYJ,TE,1.9,0.9,0,0.0,1,9,0.0,0,0,0.0
282,Jerome Ford,CLE,RB,3.8,1.8,0,0.0,2,7,0.0,3,11,0.0
283,Jerry Jeudy,CLE,WR,4.3,2.3,0,0.0,2,23,0.0,0,0,0.0
284,Jimmy Garoppolo,LAR,QB,-0.3,-0.3,0,0.0,0,0,0.0,3,0,0.0
285,Jimmy Horn,CAR,WR,3.1,2.1,0,0.0,1,13,0.0,1,8,0.0
286,Joe Burrow,CIN,QB,0.0,0.0,0,0.0,0,0,0.0,0,0,0.0
287,Joe Flacco,CLE,QB,13.6,13.6,204,1.1,0,0,0.0,2,4,0.1
288,Joe Milton,DAL,QB,0.0,0.0,0,0.0,0,0,0.0,0,0,0.0
289,John Bates,WAS,TE,1.8,0.8,0,0.0,1,8,0.0,0,0,0.0
290,John FitzPatrick,GNB,TE,1.9,0.9,0,0.0,1,3,0.1,0,0,0.0
291,John Metchie,PHI,WR,1.3,0.3,0,0.0,1,3,0.0,0,0,0.0
292,Johnny Mundt,JAX,TE,0.4,0.4,0,0.0,0,4,0.0,0,0,0.0
293,Jonathan Taylor,IND,RB,23.4,20.4,0,0.0,3,23,0.1,17,97,1.3
294,Jonnu Smith,PIT,TE,8.4,4.4,0,0.0,4,25,0.3,0,1,0.0
295,Jordan Addison,MIN,WR,13.5,9.5,0,0.0,4,61,0.5,0,4,0.0
296,Jordan Love,GNB,QB,16.9,16.9,230,1.6,0,0,0.0,3,13,0.0
297,Jordan Mason,MIN,RB,10.4,9.4,0,0.0,1,4,0.0,12,60,0.5
298,Jordan Mims,TEN,RB,0.0,0.0,0,0.0,0,0,0.0,0,0,0.0
299,Jordan Watkins,SFO,WR,2.4,1.4,0,0.0,1,14,0.0,0,0,0.0
300,Jordan Whittington,LAR,WR,3.9,1.9,0,0.0,2,18,0.0,0,1,0.0
301,Josh Allen,BUF,QB,23.5,23.5,221,1.8,0,0,0.0,6,33,0.7
302,Josh Downs,IND,WR,8.9,4.9,0,0.0,4,37,0.2,0,0,0.0
303,Josh Jacobs,GNB,RB,20.2,17.2,0,0.0,3,23,0.0,17,65,1.4
304,Josh Oliver,MIN,TE,0.0,0.0,0,0.0,0,0,0.0,0,0,0.0
305,Josh Palmer,BUF,WR,6.7,3.7,0,0.0,3,37,0.0,0,0,0.0
306,Josh Reynolds,NYJ,WR,0.0,0.0,0,0.0,0,0,0.0,0,0,0.0
307,Josh Williams,TAM,RB,0.6,0.6,0,0.0,0,0,0.0,2,6,0.0
308,Joshua Dobbs,NWE,QB,0.0,0.0,6,0.0,0,0,0.0,2,0,0.0
309,Josiah Deguara,ARI,TE,0.0,0.0,0,0.0,0,0,0.0,0,0,0.0
310,JuJu Smith-Schuster,KAN,WR,0.0,0.0,0,0.0,0,0,0.0,0,0,0.0
311,Julian Hill,MIA,TE,2.1,1.1,0,0.0,1,11,0.0,0,0,0.0
312,Julius Chestnut,TEN,RB,0.0,0.0,0,0.0,0,0,0.0,0,0,0.0
313,Justice Hill,BAL,RB,6.0,4.0,0,0.0,2,18,0.1,2,10,0.1
314,Justin Fields,NYJ,QB,10.4,10.4,113,0.2,0,0,0.0,7,33,0.3
315,Justin Herbert,LAC,QB,21.7,21.7,238,2.4,0,0,0.0,4,26,0.0
316,Justin Jefferson,MIN,WR,13.7,8.7,0,0.0,5,68,0.3,0,1,0.0
317,Justin Shorter,LVR,WR,0.0,0.0,0,0.0,0,0,0.0,0,0,0.0
318,Justin Watson,HOU,WR,0.0,0.0,0,0.0,0,0,0.0,0,0,0.0
319,Juwan Johnson,NOR,TE,9.0,5.0,0,0.0,4,38,0.2,0,0,0.0
320,KaVontae Turpin,DAL,WR,0.0,0.0,0,0.0,0,0,0.0,0,0,0.0
321,Kaden Davis,CLE,WR,0.0,0.0,0,0.0,0,0,0.0,0,0,0.0
322,Kaleb Johnson,PIT,RB,1.2,1.2,0,0.0,0,2,0.0,3,10,0.0
323,Kalel Mullings,TEN,RB,0.0,0.0,0,0.0,0,0,0.0,0,0,0.0
324,Kalif Raymond,DET,WR,1.8,0.8,0,0.0,1,7,0.0,0,1,0.0
325,Kameron Johnson,TAM,WR,3.2,2.2,0,0.0,1,10,0.2,0,0,0.0
326,Kareem Hunt,KAN,RB,0.0,0.0,0,0.0,0,0,0.0,0,0,0.0
327,Kayshon Boutte,NWE,WR,0.0,0.0,0,0.0,0,0,0.0,0,0,0.0
328,Ke'Shawn Williams,PIT,WR,0.0,0.0,0,0.0,0,0,0.0,0,0,0.0
329,KeAndre Lambert-Smith,LAC,WR,0.0,0.0,0,0.0,0,0,0.0,0,0,0.0
330,Keaton Mitchell,BAL,RB,1.6,1.6,0,0.0,0,3,0.0,2,13,0.0
331,Keenan Allen,LAC,WR,13.2,8.2,0,0.0,5,52,0.5,0,0,0.0
332,Kendre Miller,NOR,RB,0.0,0.0,0,0.0,0,0,0.0,0,0,0.0
333,Kendrick Bourne,SFO,WR,10.3,6.3,0,0.0,4,63,0.0,0,0,0.0
334,Kene Nwangwu,NYJ,RB,0.0,0.0,0,0.0,0,0,0.0,0,0,0.0
335,Kenneth Gainwell,PIT,RB,9.6,5.6,0,0.0,4,18,0.0,7,32,0.1
336,Kenneth Walker III,SEA,RB,9.1,8.1,0,0.0,1,9,0.0,12,54,0.3
337,Kenny Pickett,LVR,QB,0.3,0.3,8,0.0,0,0,0.0,1,0,0.0
338,Keon Coleman,BUF,WR,9.3,5.3,0,0.0,4,35,0.3,0,0,0.0
339,Kevin Austin,NOR,WR,0.0,0.0,0,0.0,0,0,0.0,0,0,0.0
340,KhaDarel Hodge,ATL,WR,0.5,0.5,0,0.0,0,5,0.0,0,0,0.0
341,Khalil Herbert,NYJ,RB,0.0,0.0,0,0.0,0,0,0.0,0,0,0.0
342,Khalil Shakir,BUF,WR,12.3,7.3,0,0.0,5,48,0.4,0,1,0.0
343,Kimani Vidal,LAC,RB,7.4,6.4,0,0.0,1,6,0.2,9,40,0.1
344,Kirk Cousins,ATL,QB,5.2,5.2,128,0.0,0,0,0.0,1,1,0.0
345,Ko Kieft,TAM,TE,0.0,0.0,0,0.0,0,0,0.0,0,0,0.0
346,Konata Mumpfield,LAR,WR,0.8,0.8,0,0.0,0,2,0.1,0,0,0.0
347,Kyle Allen,DET,QB,-0.1,-0.1,0,0.0,0,0,0.0,1,0,0.0
348,Kyle Juszczyk,SFO,FB,4.7,2.7,0,0.0,2,15,0.2,0,0,0.0
349,Kyle Monangai,CHI,RB,8.2,7.2,0,0.0,1,11,0.0,10,49,0.2
350,Kyle Pitts,ATL,TE,12.4,6.4,0,0.0,6,58,0.1,0,0,0.0
351,Kyle Williams,NWE,WR,0.2,0.2,0,0.0,0,2,0.0,0,0,0.0
352,Kylen Granson,PHI,TE,0.1,0.1,0,0.0,0,1,0.0,0,0,0.0
353,Kyler Murray,ARI,QB,0.0,0.0,0,0.0,0,0,0.0,0,0,0.0
354,Kyren Williams,LAR,RB,15.8,12.8,0,0.0,3,25,0.4,18,67,0.2
355,LaJohntay Wester,BAL,WR,0.0,0.0,0,0.0,0,0,0.0,0,0,0.0
356,Ladd McConkey,LAC,WR,12.7,7.7,0,0.0,5,53,0.4,0,0,0.0
357,Lamar Jackson,BAL,QB,22.1,22.1,193,2.5,0,0,0.0,4,32,0.2
358,Laquon Treadwell,IND,WR,0.0,0.0,0,0.0,0,0,0.0,0,0,0.0
359,LeQuint Allen,JAX,RB,1.8,0.8,0,0.0,1,4,0.0,1,4,0.0
360,Lew Nichols,PIT,RB,0.0,0.0,0,0.0,0,0,0.0,0,0,0.0
361,Lil'Jordan Humphrey,NYG,WR,2.8,1.8,0,0.0,1,18,0.0,0,0,0.0
362,Lucas Krull,DEN,TE,0.0,0.0,0,0.0,0,0,0.0,0,0,0.0
363,Luke Farrell,SFO,TE,3.0,2.0,0,0.0,1,8,0.2,0,0,0.0
364,Luke McCaffrey,WAS,WR,0.0,0.0,0,0.0,0,0,0.0,0,0,0.0
365,Luke Musgrave,GNB,TE,2.0,1.0,0,0.0,1,10,0.0,0,0,0.0
366,Luke Schoonmaker,DAL,TE,0.0,0.0,0,0.0,0,0,0.0,0,0,0.0
367,Luther Burden,CHI,WR,5.2,3.2,0,0.0,2,25,0.1,0,1,0.0
368,Mac Jones,SFO,QB,21.4,21.4,284,2.3,0,0,0.0,4,8,0.0
369,Mack Hollins,NWE,WR,5.6,3.6,0,0.0,2,24,0.2,0,0,0.0
370,Malachi Corley,CLE,WR,1.6,1.6,0,0.0,0,3,0.0,0,13,0.0
371,Malik Davis,DAL,RB,0.0,0.0,0,0.0,0,0,0.0,0,0,0.0
372,Malik Heath,GNB,WR,2.0,1.0,0,0.0,1,10,0.0,0,0,0.0
373,Malik Nabers,NYG,WR,0.0,0.0,0,0.0,0,0,0.0,0,0,0.0
374,Malik Turner,SFO,WR,0.0,0.0,0,0.0,0,0,0.0,0,0,0.0
375,Malik Washington,MIA,WR,6.7,3.7,0,0.0,3,20,0.1,2,11,0.0
376,Marcedes Lewis,DEN,TE,0.0,0.0,0,0.0,0,0,0.0,0,0,0.0
377,Marcus Mariota,WAS,QB,14.1,14.1,126,1.2,0,0,0.0,4,25,0.3
378,Mark Andrews,BAL,TE,8.0,5.0,0,0.0,3,25,0.4,1,1,0.0
379,Marquez Valdes-Scantling,SFO,WR,1.9,0.9,0,0.0,1,9,0.0,0,0,0.0
380,Marquise Brown,KAN,WR,0.0,0.0,0,0.0,0,0,0.0,0,0,0.0
381,Marvin Harrison Jr.,ARI,WR,12.6,9.6,0,0.0,3,66,0.5,0,0,0.0
382,Marvin Mims,DEN,WR,7.3,4.3,0,0.0,3,26,0.1,1,5,0.1
383,Mason Kinsey,TEN,WR,0.0,0.0,0,0.0,0,0,0.0,0,0,0.0
384,Mason Rudolph,PIT,QB,0.3,0.3,7,0.0,0,0,0.0,2,0,0.0
385,Mason Taylor,NYJ,TE,6.2,2.2,0,0.0,4,22,0.0,0,0,0.0
386,Mason Tipton,NOR,WR,0.0,0.0,0,0.0,0,0,0.0,0,0,0.0
387,Matthew Golden,GNB,WR,5.4,3.4,0,0.0,2,29,0.0,1,5,0.0
388,Matthew Stafford,LAR,QB,23.1,23.1,319,2.6,0,0,0.0,3,0,0.0
389,Max Brosmer,MIN,QB,0.4,0.4,11,0.0,0,0,0.0,0,0,0.0
390,Michael Carter,ARI,RB,8.0,6.0,0,0.0,2,21,0.0,9,21,0.3
391,Michael Mayer,LVR,TE,6.4,3.4,0,0.0,3,22,0.2,0,0,0.0
392,Michael Penix,ATL,QB,19.6,19.6,284,1.2,0,0,0.0,3,10,0.4
393,Michael Pittman Jr.,IND,WR,13.4,8.4,0,0.0,5,60,0.4,0,0,0.0
394,Michael Wilson,ARI,WR,5.9,3.9,0,0.0,2,27,0.2,0,0,0.0
395,Mike Evans,TAM,WR,0.0,0.0,0,0.0,0,0,0.0,0,0,0.0
396,Mike Gesicki,CIN,TE,0.0,0.0,0,0.0,0,0,0.0,0,0,0.0
397,Miles Sanders,DAL,RB,0.0,0.0,0,0.0,0,0,0.0,0,0,0.0
398,Mitchell Evans,CAR,TE,2.6,1.6,0,0.0,1,10,0.1,0,0,0.0
399,Mitchell Tinsley,CIN,WR,0.0,0.0,0,0.0,0,0,0.0,0,0,0.0
400,Mitchell Trubisky,BUF,QB,0.9,0.9,26,0.0,0,0,0.0,1,0,0.0
401,Mo Alie-Cox,IND,TE,0.5,0.5,0,0.0,0,5,0.0,0,0,0.0
402,Moliki Matavao,NOR,TE,0.0,0.0,0,0.0,0,0,0.0,0,0,0.0
403,Myles Price,MIN,WR,0.0,0.0,0,0.0,0,0,0.0,0,0,0.0
404,Najee Harris,LAC,RB,0.0,0.0,0,0.0,0,0,0.0,0,0,0.0
405,Nate Adkins,DEN,TE,0.0,0.0,0,0.0,0,0,0.0,0,0,0.0
406,Nathan Carter,ATL,RB,2.3,2.3,0,0.0,0,0,0.0,3,23,0.0
407,Nick Chubb,HOU,RB,7.9,6.9,0,0.0,1,6,0.0,11,45,0.3
408,Nick Kallerup,SEA,TE,0.0,0.0,0,0.0,0,0,0.0,0,0,0.0
409,Nick Vannett,MIN,TE,0.0,0.0,0,0.0,0,0,0.0,0,0,0.0
410,Nick Westbrook-Ikhine,MIA,WR,1.9,0.9,0,0.0,1,9,0.0,0,0,0.0
411,Nico Collins,HOU,WR,12.5,7.5,0,0.0,5,56,0.3,0,1,0.0
412,Nikko Remigio,KAN,WR,0.0,0.0,0,0.0,0,0,0.0,0,0,0.0
413,Noah Brown,WAS,WR,0.0,0.0,0,0.0,0,0,0.0,0,0,0.0
414,Noah Fant,CIN,TE,0.0,0.0,0,0.0,0,0,0.0,0,0,0.0
415,Noah Gray,KAN,TE,0.0,0.0,0,0.0,0,0,0.0,0,0,0.0
416,Nyheim Hines,LAC,RB,-0.1,-0.1,0,0.0,0,0,0.0,1,0,0.0
417,Olamide Zaccheaus,CHI,WR,7.9,3.9,0,0.0,4,30,0.1,1,3,0.0
418,Ollie Gordon,MIA,RB,5.6,4.6,0,0.0,1,3,0.1,5,19,0.3
419,Omarion Hampton,LAC,RB,0.0,0.0,0,0.0,0,0,0.0,0,0,0.0
420,Oronde Gadsden II,LAC,TE,12.2,8.2,0,0.0,4,58,0.4,0,0,0.0
421,Owen Wright,TAM,RB,0.0,0.0,0,0.0,0,0,0.0,0,0,0.0
422,Parker Washington,JAX,WR,7.2,4.2,0,0.0,3,35,0.1,0,1,0.0
423,Parris Campbell,DAL,WR,0.0,0.0,0,0.0,0,0,0.0,0,0,0.0
424,Pat Bryant,DEN,WR,2.6,1.6,0,0.0,1,10,0.1,0,0,0.0
425,Pat Freiermuth,PIT,TE,8.9,5.9,0,0.0,3,35,0.4,0,0,0.0
426,Patrick Mahomes,KAN,QB,0.0,0.0,0,0.0,0,0,0.0,0,0,0.0
427,Patrick Ricard,BAL,FB,0.0,0.0,0,0.0,0,0,0.0,0,0,0.0
428,Payne Durham,TAM,TE,0.0,0.0,0,0.0,0,0,0.0,0,0,0.0
429,Puka Nacua,LAR,WR,25.8,15.8,0,0.0,10,121,0.4,1,7,0.1
430,Quentin Johnston,LAC,WR,14.6,10.6,0,0.0,4,51,0.9,0,1,0.0
431,Quinn Ewers,MIA,QB,2.0,2.0,51,0.0,0,0,0.0,1,0,0.0
432,Quinshon Judkins,CLE,RB,13.0,12.0,0,0.0,1,6,0.0,17,84,0.5
433,Quintin Morris,JAX,TE,0.0,0.0,0,0.0,0,0,0.0,0,0,0.0
434,RJ Harvey,DEN,RB,8.4,6.4,0,0.0,2,16,0.4,4,18,0.1
435,Rachaad White,TAM,RB,11.5,8.5,0,0.0,3,17,0.0,11,38,0.5
436,Raheem Mostert,LVR,RB,3.7,2.7,0,0.0,1,6,0.0,4,21,0.0
437,Raheim Sanders,CLE,RB,5.2,5.2,0,0.0,0,0,0.0,3,4,0.8
438,Rashee Rice,KAN,WR,0.0,0.0,0,0.0,0,0,0.0,0,0,0.0
439,Rasheen Ali,BAL,RB,0.1,0.1,0,0.0,0,0,0.0,0,1,0.0
440,Rashid Shaheed,NOR,WR,11.2,6.2,0,0.0,5,49,0.2,0,1,0.0
441,Rashod Bateman,BAL,WR,5.3,3.3,0,0.0,2,21,0.2,0,0,0.0
442,Ray Davis,BUF,RB,1.3,1.3,0,0.0,0,2,0.1,3,5,0.0
443,Ray-Ray McCloud,ATL,WR,3.7,1.7,0,0.0,2,17,0.0,0,0,0.0
444,Reggie Gilliam,BUF,FB,0.0,0.0,0,0.0,0,0,0.0,0,0,0.0
445,Rhamondre Stevenson,NWE,RB,0.0,0.0,0,0.0,0,0,0.0,0,0,0.0
446,Ricky Pearsall,SFO,WR,0.0,0.0,0,0.0,0,0,0.0,0,0,0.0
447,Ricky White,SEA,WR,0.0,0.0,0,0.0,0,0,0.0,0,0,0.0
448,Rico Dowdle,CAR,RB,11.7,9.7,0,0.0,2,14,0.1,14,71,0.1
449,Riley Leonard,IND,QB,0.1,0.1,0,0.0,0,0,0.0,1,1,0.0
450,Robbie Chosen,WAS,WR,7.5,3.5,0,0.0,4,35,0.0,0,0,0.0
451,Robbie Ouzts,SEA,FB,0.0,0.0,0,0.0,0,0,0.0,0,0,0.0
452,Robert Tonyan,KAN,TE,0.0,0.0,0,0.0,0,0,0.0,0,0,0.0
453,Roman Wilson,PIT,WR,3.4,2.4,0,0.0,1,18,0.1,0,0,0.0
454,Rome Odunze,CHI,WR,13.5,9.5,0,0.0,4,59,0.6,0,0,0.0
455,Romeo Doubs,GNB,WR,12.5,8.5,0,0.0,4,49,0.6,0,0,0.0
456,Ronnie Rivers,LAR,RB,0.0,0.0,0,0.0,0,0,0.0,0,0,0.0
457,Roschon Johnson,CHI,RB,0.4,0.4,0,0.0,0,0,0.0,0,4,0.0
458,Ross Dwelley,DET,TE,0.0,0.0,0,0.0,0,0,0.0,0,0,0.0
459,Russell Gage,SFO,WR,0.0,0.0,0,0.0,0,0,0.0,0,0,0.0
460,Russell Wilson,NYG,QB,10.9,10.9,158,0.6,0,0,0.0,3,22,0.0
461,Ryan Flournoy,DAL,WR,0.0,0.0,0,0.0,0,0,0.0,0,0,0.0
462,Ryan Miller,TAM,WR,1.7,1.7,0,0.0,0,5,0.2,0,0,0.0
463,Sam Darnold,SEA,QB,17.5,17.5,246,1.8,0,0,0.0,1,5,0.0
464,Sam LaPorta,DET,TE,11.6,7.6,0,0.0,4,52,0.4,0,0,0.0
465,Samaje Perine,CIN,RB,0.0,0.0,0,0.0,0,0,0.0,0,0,0.0
466,Saquon Barkley,PHI,RB,16.8,13.8,0,0.0,3,22,0.3,16,62,0.6
467,Savion Williams,GNB,WR,2.4,1.4,0,0.0,1,5,0.1,1,3,0.0
468,Scott Miller,PIT,WR,0.2,0.2,0,0.0,0,2,0.0,0,0,0.0
469,Sean Tucker,TAM,RB,3.8,2.8,0,0.0,1,0,0.0,3,10,0.3
470,Shane Zylstra,DET,TE,0.0,0.0,0,0.0,0,0,0.0,0,0,0.0
471,Shedrick Jackson,LVR,WR,0.0,0.0,0,0.0,0,0,0.0,0,0,0.0
472,Simi Fehoko,ARI,WR,0.0,0.0,0,0.0,0,0,0.0,0,0,0.0
473,Sione Vaki,DET,RB,0.0,0.0,0,0.0,0,0,0.0,0,0,0.0
474,Skyy Moore,SFO,WR,0.5,0.5,0,0.0,0,5,0.0,0,0,0.0
475,Spencer Rattler,NOR,QB,12.8,12.8,171,0.8,0,0,0.0,5,28,0.0
476,Stefon Diggs,NWE,WR,11.8,6.8,0,0.0,5,56,0.2,0,0,0.0
477,Stephen Carlson,CHI,TE,0.0,0.0,0,0.0,0,0,0.0,0,0,0.0
478,Sterling Shepard,TAM,WR,9.2,5.2,0,0.0,4,40,0.2,0,0,0.0
479,Stone Smartt,NYJ,TE,0.0,0.0,0,0.0,0,0,0.0,0,0,0.0
480,T.J. Hockenson,MIN,TE,7.2,4.2,0,0.0,3,24,0.3,0,0,0.0
481,Tahj Brooks,CIN,RB,0.0,0.0,0,0.0,0,0,0.0,0,0,0.0
482,Tahj Washington,MIA,WR,0.5,0.5,0,0.0,0,5,0.0,0,0,0.0
483,Tai Felton,MIN,WR,0.1,0.1,0,0.0,0,1,0.0,0,0,0.0
484,Tank Bigsby,JAX,RB,1.4,1.4,0,0.0,0,0,0.0,2,14,0.0
485,Tanner Conner,MIA,TE,2.0,1.0,0,0.0,1,10,0.0,0,0,0.0
486,Tanner Hudson,CIN,TE,0.0,0.0,0,0.0,0,0,0.0,0,0,0.0
487,Tanner McKee,PHI,QB,-0.2,-0.2,0,0.0,0,0,0.0,3,0,0.0
488,Tay Martin,WAS,WR,1.8,0.8,0,0.0,1,8,0.0,0,0,0.0
489,Taysom Hill,NOR,TE,2.4,1.4,3,0.0,1,3,0.0,4,10,0.0
490,Teagan Quitoriano,ATL,TE,0.0,0.0,0,0.0,0,0,0.0,0,0,0.0
491,Teddy Bridgewater,TAM,QB,-0.1,-0.1,0,0.0,0,0,0.0,1,0,0.0
492,Tee Higgins,CIN,WR,0.0,0.0,0,0.0,0,0,0.0,0,0,0.0
493,Terrance Ferguson,LAR,TE,4.3,3.3,0,0.0,1,21,0.2,0,0,0.0
494,Terrell Jennings,NWE,RB,2.9,2.9,0,0.0,0,2,0.0,4,15,0.2
495,Terry McLaurin,WAS,WR,0.0,0.0,0,0.0,0,0,0.0,0,0,0.0
496,Tetairoa McMillan,CAR,WR,11.6,6.6,0,0.0,5,60,0.1,0,0,0.0
497,Tez Johnson,TAM,WR,8.0,6.0,0,0.0,2,35,0.4,0,1,0.0
498,Theo Johnson,NYG,TE,8.7,5.7,0,0.0,3,27,0.5,0,0,0.0
499,Thomas Fidone,NYG,TE,0.0,0.0,0,0.0,0,0,0.0,0,0,0.0
500,Tim Jones,MIN,WR,0.0,0.0,0,0.0,0,0,0.0,0,0,0.0
501,Tim Patrick,JAX,WR,2.5,1.5,0,0.0,1,9,0.1,0,0,0.0
502,Tip Reiman,ARI,TE,0.0,0.0,0,0.0,0,0,0.0,0,0,0.0
503,Tommy Tremble,CAR,TE,4.0,2.0,0,0.0,2,14,0.1,0,0,0.0
504,Tony Pollard,TEN,RB,0.0,0.0,0,0.0,0,0,0.0,0,0,0.0
505,Tory Horton,SEA,WR,7.5,5.5,0,0.0,2,19,0.6,0,0,0.0
506,Travis Etienne,JAX,RB,11.3,9.3,0,0.0,2,13,0.1,14,68,0.1
507,Travis Homer,CHI,RB,0.0,0.0,0,0.0,0,0,0.0,0,0,0.0
508,Travis Hunter,JAX,WR,0.0,0.0,0,0.0,0,0,0.0,0,0,0.0
509,Travis Kelce,KAN,TE,0.0,0.0,0,0.0,0,0,0.0,0,0,0.0
510,Travis Vokolek,ARI,TE,0.0,0.0,0,0.0,0,0,0.0,0,0,0.0
511,Tre Harris,LAC,WR,2.8,1.8,0,0.0,1,12,0.1,0,0,0.0
512,Tre Tucker,LVR,WR,13.4,9.4,0,0.0,4,53,0.6,1,5,0.0
513,TreVeyon Henderson,NWE,RB,6.6,4.6,0,0.0,2,14,0.0,7,26,0.1
514,Trent Sherfield,DEN,WR,0.2,0.2,0,0.0,0,2,0.0,0,0,0.0
515,Trevor Etienne,CAR,RB,1.0,1.0,0,0.0,0,1,0.0,2,9,0.0
516,Trevor Lawrence,JAX,QB,15.8,15.8,221,0.9,0,0,0.0,5,16,0.3
517,Trey Benson,ARI,RB,0.0,0.0,0,0.0,0,0,0.0,0,0,0.0
518,Trey Lance,LAC,QB,2.4,2.4,38,0.0,0,0,0.0,1,9,0.0
519,Trey McBride,ARI,TE,16.6,10.6,0,0.0,6,64,0.7,0,0,0.0
520,Trey Sermon,PIT,RB,0.0,0.0,0,0.0,0,0,0.0,0,0,0.0
521,Treylon Burks,WAS,WR,2.4,1.4,0,0.0,1,14,0.0,0,0,0.0
522,Treyton Welch,NOR,TE,0.0,0.0,0,0.0,0,0,0.0,0,0,0.0
523,Troy Franklin,DEN,WR,10.3,6.3,0,0.0,4,38,0.4,0,1,0.0
524,Tua Tagovailoa,MIA,QB,14.7,14.7,192,1.6,0,0,0.0,2,6,0.0
525,Tucker Fisk,LAC,TE,0.2,0.2,0,0.0,0,2,0.0,0,0,0.0
526,Tucker Kraft,GNB,TE,0.0,0.0,0,0.0,0,0,0.0,0,0,0.0
527,Tutu Atwell,LAR,WR,0.0,0.0,0,0.0,0,0,0.0,0,0,0.0
528,Ty Chandler,MIN,RB,0.0,0.0,0,0.0,0,0,0.0,0,0,0.0
529,Ty Johnson,BUF,RB,2.8,1.8,0,0.0,1,4,0.0,2,8,0.1
530,Tyjae Spears,TEN,RB,0.0,0.0,0,0.0,0,0,0.0,0,0,0.0
531,Tylan Wallace,BAL,WR,1.1,1.1,0,0.0,0,5,0.1,0,0,0.0
532,Tyler Allgeier,ATL,RB,11.6,10.6,0,0.0,1,3,0.0,8,31,1.2
533,Tyler Badie,DEN,RB,2.1,1.1,0,0.0,1,10,0.0,0,1,0.0
534,Tyler Conklin,LAC,TE,1.8,0.8,0,0.0,1,8,0.0,0,0,0.0
535,Tyler Goodson,IND,RB,0.4,0.4,0,0.0,0,2,0.0,1,2,0.0
536,Tyler Higbee,LAR,TE,7.1,4.1,0,0.0,3,23,0.3,0,0,0.0
537,Tyler Huntley,BAL,QB,9.2,9.2,108,0.2,0,0,0.0,5,41,0.0
538,Tyler Johnson,NYJ,WR,2.9,1.9,0,0.0,1,19,0.0,0,0,0.0
539,Tyler Lockett,TEN,WR,0.0,0.0,0,0.0,0,0,0.0,0,0,0.0
540,Tyler Shough,NOR,QB,5.4,5.4,88,0.3,0,0,0.0,2,7,0.0
541,Tyler Warren,IND,TE,11.4,7.4,0,0.0,4,55,0.2,0,1,0.1
542,Tyquan Thornton,KAN,WR,0.0,0.0,0,0.0,0,0,0.0,0,0,0.0
543,Tyreek Hill,MIA,WR,0.0,0.0,0,0.0,0,0,0.0,0,0,0.0
544,Tyrell Shavers,BUF,WR,1.7,0.7,0,0.0,1,7,0.0,0,0,0.0
545,Tyrod Taylor,NYJ,QB,6.6,6.6,87,0.3,0,0,0.0,4,19,0.0
546,Tyrone Tracy Jr.,NYG,RB,6.9,4.9,0,0.0,2,13,0.0,8,30,0.1
547,Tyson Bagent,CHI,QB,1.4,1.4,24,0.0,0,0,0.0,1,4,0.0
548,Ulysses Bentley,IND,RB,0.0,0.0,0,0.0,0,0,0.0,1,0,0.0
549,Van Jefferson,TEN,WR,0.0,0.0,0,0.0,0,0,0.0,0,0,0.0
550,Velus Jones Jr.,NOR,RB,0.0,0.0,0,0.0,0,0,0.0,0,0,0.0
551,Wan'Dale Robinson,NYG,WR,12.3,7.3,0,0.0,5,61,0.2,0,0,0.0
552,Will Dissly,LAC,TE,2.0,1.0,0,0.0,1,10,0.0,0,0,0.0
553,Will Mallory,IND,TE,0.0,0.0,0,0.0,0,0,0.0,0,0,0.0
554,Will Shipley,PHI,RB,0.6,0.6,0,0.0,0,2,0.0,1,4,0.0
555,Woody Marks,HOU,RB,9.4,7.4,0,0.0,2,19,0.2,8,31,0.2
556,Xavier Gipson,NYJ,WR,0.1,0.1,0,0.0,0,1,0.0,0,0,0.0
557,Xavier Hutchinson,HOU,WR,6.9,3.9,0,0.0,3,26,0.2,0,1,0.0
558,Xavier Legette,CAR,WR,6.8,3.8,0,0.0,3,26,0.2,0,0,0.0
559,Xavier Smith,LAR,WR,1.9,0.9,0,0.0,1,9,0.0,0,0,0.0
560,Xavier Weaver,ARI,WR,0.0,0.0,0,0.0,0,0,0.0,0,0,0.0
561,Xavier Worthy,KAN,WR,0.0,0.0,0,0.0,0,0,0.0,0,0,0.0
562,Zach Charbonnet,SEA,RB,8.4,7.4,0,0.0,1,8,0.0,11,30,0.6
563,Zach Ertz,WAS,TE,9.8,6.8,0,0.0,3,32,0.6,0,0,0.0
564,Zach Wilson,MIA,QB,0.8,0.8,16,0.0,0,0,0.0,1,2,0.0
565,Zaire Mitchell-Paden,BAL,TE,0.0,0.0,0,0.0,0,0,0.0,0,0,0.0
566,Zamir White,LVR,RB,0.0,0.0,0,0.0,0,0,0.0,0,0,0.0
567,Zavier Scott,MIN,RB,4.3,3.3,0,0.0,1,9,0.2,3,12,0.0
568,Zay Flowers,BAL,WR,11.9,6.9,0,0.0,5,61,0.1,0,2,0.0
569,Zay Jones,ARI,WR,3.8,2.8,0,0.0,1,28,0.0,0,0,0.0
570,Zonovan Knight,ARI,RB,6.4,5.4,0,0.0,1,11,0.0,7,19,0.4
